ONE,TWO,THR,FOU,FIV,SIX,SEV,EIG,NIN,ASM,CON,ENG,IDM
101.5237236,100.5986723,159.1820747,24.17210438,58.4863057,60.53018783,34.61323523,63.28259473,67.75768283,0.044381872,2.295415088,3.773784987,0.757099059
111.8239426,92.57191051,168.5496173,32.56254903,54.65025822,64.45757784,43.93413984,59.37540268,71.22377126,0.042644883,2.77990846,3.846223195,0.749783359
110.4415049,108.190114,175.9988262,28.85800029,60.78402398,63.82772582,40.12421134,65.70250813,70.80260512,0.045148358,3.172585227,3.821079405,0.746218175
110.3444208,110.586411,179.2707544,28.0473075,63.40571032,64.72110125,39.37928729,68.41543437,71.57481752,0.048421962,3.226286301,3.77828594,0.75764825
109.4546145,105.9777758,180.5755504,29.77834075,63.59856579,64.21755774,41.1771799,68.63654843,71.14078264,0.049771863,3.451546717,3.794508457,0.746602951
108.5315657,106.5348011,179.5728575,30.99867545,64.47921663,65.13066929,42.49247361,69.50895649,72.02330872,0.053609275,3.487294823,3.741692831,0.753760453
111.4637488,98.95252328,173.9014362,31.1569066,58.92177219,65.6616149,42.62791143,63.30017122,72.2075082,0.044596625,2.748737374,3.78664766,0.764291647
110.6705137,99.33945904,181.8551038,31.39863712,62.40416905,65.80506911,42.53616935,66.85073545,72.7727591,0.052147974,2.937263258,3.731819248,0.766741292
113.5152995,85.95821496,154.3196911,29.98492069,52.22958982,59.15363157,41.26791184,56.86081545,65.36605352,0.054379376,1.995580808,3.613012442,0.77803182
113.9429155,88.0378196,157.5169369,30.33314092,53.93293714,59.93781968,41.48001693,58.22852643,66.26051582,0.05441911,2.153724747,3.632768538,0.775672121
104.5357481,93.16480232,159.6637567,23.05429328,56.34082416,55.67067072,33.20922159,60.89868111,62.08645091,0.049888649,2.531684028,3.736914662,0.754087814
105.1559639,103.7617681,169.0404336,17.5169941,53.11983444,56.52052122,26.62027592,58.90562282,64.28989889,0.047449145,2.616635101,3.729547377,0.752296691
112.1103121,93.02384193,173.918896,30.70228302,56.30835404,64.73892587,41.93038342,60.50459775,72.36582204,0.044374209,2.064591225,3.718478652,0.774260598
113.0445865,92.25073982,168.7431937,30.76244803,54.32364522,61.55791626,42.16765472,58.70575478,68.09758586,0.04772758,2.644333965,3.715842153,0.76841448
111.9031822,96.81075402,166.2865372,27.32536968,54.33514031,60.50555575,38.55000685,58.71792723,68.88771885,0.052241087,1.939946338,3.649053763,0.776181533
115.4154435,98.98694957,178.0821989,19.26713908,54.19950779,59.34052428,27.55725749,58.42243128,67.21628846,0.049970176,2.43817077,3.757178162,0.757608986
116.5226385,97.12725892,180.4969322,19.26676248,55.56425927,58.93702258,27.80474536,59.59795259,66.07907232,0.040827052,2.991043245,3.924000197,0.722282705
116.410541,98.65095289,179.3377427,18.95824714,56.30402953,58.91425458,27.34060478,60.27948004,65.95631701,0.045160006,3.02990846,3.869863094,0.733064722
113.3416982,91.0989682,138.1908243,26.82695736,49.43572056,56.86380692,37.90998096,54.33446377,63.85687677,0.071928437,2.073074495,3.422489821,0.783341094
112.6772708,97.3924203,177.1097104,28.74880636,57.2596664,63.15016436,40.05843675,61.38656028,69.83563385,0.045541225,2.358349116,3.747595143,0.76877038
113.9820372,90.94843947,164.4177715,29.01629192,50.82775284,62.09451408,40.14185457,55.69792415,68.65850267,0.049306386,2.309698548,3.668681927,0.769336909
100.9461214,87.44091304,123.5891138,27.04507418,50.86887458,51.09947358,36.45866936,56.30341639,57.55134079,0.061392004,1.622553662,3.418704582,0.775839667
113.449998,88.61798651,161.9019393,30.09362045,53.02461612,64.45707341,41.32759539,57.28915078,71.95176027,0.051563105,1.738675821,3.558084105,0.803061663
114.1334537,75.08553307,153.7170238,30.60256366,45.05586715,61.50455017,42.19240284,50.81285479,69.07174842,0.047122326,1.645675505,3.600495272,0.7989514
103.5779573,87.26094934,132.1658973,18.08082715,48.75401422,45.45072069,27.12009078,54.2454419,51.6123034,0.067575963,1.905145202,3.446767258,0.780326292
95.1417298,87.36206795,157.8960109,39.35830344,50.26799051,66.82761302,47.91953916,55.4285205,74.18099527,0.051745043,1.675820707,3.557077063,0.796844448
114.6207288,89.73102115,136.7492503,28.78844329,52.99319559,59.1134981,39.58266758,56.9362974,67.32711014,0.074495083,2.040956439,3.382706929,0.793845752
96.23619989,86.91425979,160.899493,36.41508761,52.7223205,64.54638093,45.88509755,57.72562758,71.92663938,0.043183488,1.946220013,3.682907224,0.78082777
114.6471946,88.67877012,129.9611151,27.68866633,48.83368159,56.2766371,38.08571249,53.54986991,64.68805179,0.075612118,1.752327967,3.295921438,0.79772805
104.3550643,89.88130327,173.6432588,35.07847984,53.19573432,64.28103412,45.31105859,57.60678486,71.32482827,0.04433431,2.092724116,3.711335483,0.783110539
100.0923295,91.12110361,179.5621449,33.64522378,58.10615362,68.23731175,43.0605537,62.42048394,75.89005287,0.037634146,2.63147096,3.848749873,0.771797522
101.3628078,93.9184521,178.5966008,37.66820231,62.56496331,63.0735259,48.45653493,66.89872701,69.89195417,0.062347636,2.513178662,3.523356728,0.786006462
105.9447009,89.52815262,167.167663,35.79929535,59.54764355,63.61251571,46.80233096,63.95227036,70.01970475,0.070093484,2.25457702,3.446737098,0.785440242
103.9490313,81.01630563,168.2482639,36.93267559,49.48056617,64.19287006,46.80969406,54.55718325,71.17083187,0.045624106,2.206163194,3.700500123,0.790547583
104.5957623,79.13498264,165.5316051,36.34160159,49.09209372,63.93885431,46.06837237,54.36184911,70.83705904,0.044170114,2.150607639,3.712650939,0.786348743
108.257053,99.79954822,183.1120975,29.57797321,63.72300438,67.76299572,40.37171456,68.12653593,75.37400259,0.056794197,2.832386364,3.644819043,0.781223864
113.0116694,91.75592842,179.9957485,30.11487096,57.09589986,67.37561485,40.27202321,61.17699312,74.88439941,0.040884565,2.463265467,3.831995606,0.763932968
98.61414931,95.30051491,166.9631964,34.93352909,54.03525268,65.69323681,43.96516587,58.78612759,73.05556983,0.039836527,2.14547822,3.777420026,0.752909859
114.2861427,88.09697562,127.0343474,30.04762331,51.25381118,59.11911805,40.30303487,55.52160772,68.71460882,0.079203957,1.940025253,3.287455098,0.799892251
103.7039635,93.66724866,175.5788352,35.67459979,56.8677046,64.85699489,45.53415467,60.97026616,72.00342455,0.044236193,2.256668245,3.750388302,0.773676156
105.0514323,92.55090949,174.1888711,34.46328565,55.4630704,64.355299,44.4180283,59.70231419,71.3585253,0.042764135,2.242069129,3.768305156,0.769434342
104.7694523,89.20156645,169.3347341,35.54199356,52.71848357,63.69494531,45.46065866,57.26592465,70.64502337,0.041866935,2.175426136,3.76423198,0.766393879
113.5266828,84.78796757,174.7532651,31.86872336,53.31378827,68.10235537,42.26208821,57.77429259,75.16745863,0.037916947,2.420809659,3.848828188,0.762791513
112.1585286,90.19548019,178.3812145,32.48735022,55.37229148,68.00424815,42.77476447,59.54549888,75.47637606,0.04227662,2.422664141,3.793692988,0.776843472
110.2957406,87.46063171,168.2856199,32.6093695,56.59776379,63.94143593,43.33460392,61.01987846,70.67983972,0.06479276,2.184738005,3.442193107,0.802992595
104.6318754,78.09823824,156.3816682,35.68873427,45.54513132,59.7844665,45.79772649,50.91333021,66.8583039,0.043554481,1.641335227,3.663178335,0.77717533
113.814463,87.23515428,165.9252486,34.96418414,51.27259864,65.96629801,45.40739507,55.46595185,73.10101592,0.042623385,2.171559343,3.754212205,0.77216099
113.3015704,87.49638968,165.9136482,35.32954921,51.24697853,65.74214053,45.86309458,55.44231905,72.88563204,0.041160329,2.112689394,3.765853039,0.772652197
113.8561395,94.73817274,153.4686908,29.21334434,58.86916771,63.58928068,39.65257331,62.63477942,70.6820727,0.075085146,2.149818497,3.364130953,0.801308248
113.1075402,95.97686829,150.0955848,28.72730728,58.01154028,62.5861978,39.24034251,61.91863223,69.94033934,0.073620246,2.15948548,3.378427576,0.798855296
112.8604601,94.59197443,147.5228555,29.43613817,56.82031087,61.99011689,40.27731869,60.69429443,69.60865087,0.069574775,2.121054293,3.403710784,0.796430755
112.3681641,94.31220407,140.2435192,28.98808152,53.22139972,60.8620581,39.76232975,57.66383207,68.76851096,0.07586149,1.918402778,3.35935459,0.805331206
114.8659347,85.43026949,146.7321654,32.59665584,48.32148344,64.34965344,42.80521491,52.83790157,70.71098447,0.056380922,1.663431187,3.523757451,0.803049139
114.6004676,84.9742444,155.4971985,32.43848812,49.23706317,65.19419164,42.70167306,53.96324233,72.03805606,0.047122662,1.705650253,3.632906272,0.795014577
114.1182134,82.06351602,155.8222952,34.8832521,48.1239204,64.9948356,45.07591208,53.13254952,72.03464465,0.044611341,1.697048611,3.639507083,0.797138712
96.76712437,68.36880524,128.6929845,36.18175834,45.62170961,58.3250654,44.25399662,52.12992213,66.22984833,0.056411091,1.11422822,3.443864655,0.813148567
108.5483448,90.68881195,172.4573864,32.19830484,54.55023936,64.33966082,42.4847304,58.879309,70.72980798,0.038670834,2.219854798,3.831196579,0.74413674
112.4166864,93.58909407,173.6263613,29.47301245,55.97651612,64.30076759,40.0552354,60.25996222,70.67397303,0.040771631,2.205216225,3.799222676,0.747270589
113.6737689,90.21302872,167.1961115,31.90396982,52.44848978,64.3975632,42.53054585,56.7517781,70.66370969,0.048808456,1.961213699,3.615400284,0.790401317
108.5838759,93.47261679,176.2702809,32.26494324,58.48670719,62.64342888,43.42087452,62.83745037,69.16847808,0.061115907,2.176925505,3.511068237,0.785282845
109.8736387,91.85100024,169.1030323,31.81785971,58.27219591,62.55658619,42.93206169,62.43068744,68.86131591,0.062902676,2.039614899,3.463286841,0.784860327
113.7788431,85.55128433,163.002328,31.4247572,52.52867421,63.83433527,42.15615854,56.39392366,70.12605649,0.0537266,1.941130051,3.584304816,0.785040081
113.9784071,88.75610598,157.3567215,30.17501456,54.82268183,62.39863441,40.63415666,58.87730857,69.11133174,0.065875083,2.067037563,3.462951551,0.782546823
104.3768348,85.74894452,161.9666489,35.27218582,49.64742676,61.58457856,45.24749086,54.46243911,68.52752469,0.046108919,1.974392361,3.703227267,0.769135886
107.5397234,83.06762942,173.8182706,33.84544614,49.49386946,64.17495081,43.9486263,54.46789984,70.70336759,0.042637052,2.222143308,3.761612662,0.764839662
113.5127545,88.14443261,161.4418008,30.42561543,56.74948907,62.79998435,41.21429389,60.62012634,69.31657767,0.066007803,2.148358586,3.482182595,0.784189387
114.0930595,81.85366359,146.6487038,34.12954898,50.61102385,61.15494133,44.76721973,54.93643986,68.72229952,0.062401977,1.951191604,3.51611861,0.776692053
113.7388041,87.75792101,158.005958,34.07844717,49.86915429,63.64756687,44.79631295,53.60142028,69.74286618,0.056976854,1.671796086,3.526186896,0.803512962
113.5951014,77.26529948,136.7174775,34.27398972,45.41265118,59.11845104,44.88602083,49.97084013,65.53985143,0.060906008,1.687776199,3.443925347,0.800179807
114.0436001,75.81116832,131.7225379,32.93906466,42.83543566,57.58953229,43.4176194,47.81299917,63.68104326,0.063264269,1.382733586,3.347818819,0.816635779
109.8779396,94.19936671,177.2622909,32.67376962,53.56395023,63.03066537,43.50093656,57.84076032,70.2640666,0.043442577,1.997790404,3.723962972,0.778285256
114.4569425,82.04050268,144.5780658,31.40035924,47.70833806,59.04476731,42.0677644,52.38017833,66.31685228,0.063144207,1.771346275,3.459841529,0.787239034
112.0196003,95.83941959,171.4150982,31.33480602,57.78342796,64.39436501,42.64640306,62.11031936,70.99833966,0.054728125,2.402383207,3.616691126,0.771202518
104.8870739,97.80863321,165.9806562,35.1922731,61.97570587,62.87130435,46.40525479,66.46472294,69.25830957,0.070210952,2.783696338,3.468722194,0.769747349
106.6002111,96.98070549,164.3466106,34.13999299,61.79789176,62.91511424,45.29986294,66.28689909,69.43206956,0.067679289,2.763454861,3.485207589,0.764632512
107.0743963,96.048256,163.3936928,34.31848989,60.98291916,62.67034554,45.53739263,65.52068571,69.27754056,0.065450553,2.682291667,3.49717731,0.764140536
109.1177202,95.57488952,160.817659,32.92825019,59.84170491,62.51151917,44.11114467,64.31543871,69.37247012,0.067830755,2.633877841,3.464099169,0.771400922
101.9025114,100.840919,169.7433318,36.62292845,63.51923315,62.65909671,47.66942314,68.15509022,69.15171946,0.069671192,2.786852904,3.43790062,0.779703687
104.6468888,100.1478752,167.2115195,35.62923352,62.5040152,62.78241099,47.02717397,67.21475524,69.38700444,0.069414406,2.738833649,3.439264063,0.77714839
113.6933692,93.45428898,163.5639599,29.29335503,53.02484582,62.27865629,40.46780851,57.35242566,68.70131764,0.052364344,2.510969066,3.640132465,0.78306924
113.5139579,95.11903212,164.3502506,28.10330642,54.21805861,62.30366104,39.18165404,58.65811005,68.71030638,0.051335667,2.547269571,3.662486648,0.777260809
110.0021208,104.9959754,173.8218316,31.73345425,57.67226562,63.89457342,42.73870872,61.73954219,71.58327791,0.052803873,2.129813763,3.615564169,0.792501414
109.5028705,95.34669942,175.1327139,38.06823726,54.04339626,63.59765529,48.90987718,58.35486006,70.68717089,0.040079245,2.542495265,3.833650905,0.751049431
108.4550387,95.05947167,170.7051866,38.53437598,52.63919817,62.09483572,49.17987408,56.80947381,69.55810746,0.04599529,2.221590909,3.707305627,0.775853378
112.0878314,100.4556996,172.7529889,31.71263173,57.58345865,61.78797028,43.31901158,62.03237628,67.91884044,0.050936142,2.659840593,3.693502075,0.762601538
112.4592803,100.2662267,172.5439059,28.92773412,56.1810664,63.30312765,40.53621463,61.02476155,69.61227163,0.050690946,2.729285038,3.672249823,0.775792915
113.4452435,100.0105252,169.3695056,29.09954093,54.93346884,62.58933449,40.56892965,59.66177245,68.9997502,0.051307986,2.651554609,3.677205686,0.774543599
111.1109138,102.3494417,178.9300525,34.66590335,57.23748833,63.23386975,45.74117732,61.29422352,70.54466188,0.04789584,2.301017992,3.704294555,0.7841475
114.3356514,91.8081104,178.7397905,32.08650764,55.02405084,62.65255899,43.39962273,59.11869614,69.14564315,0.049811388,2.485164141,3.749493558,0.769148857
114.2645991,97.91652857,165.6242109,16.94071345,48.10421359,51.07059959,26.39920419,52.58627005,58.06491509,0.053516146,1.724116162,3.55857051,0.789748345
114.0853358,102.0789043,173.8007122,27.80039225,58.62424281,60.29142541,39.15079005,62.60037496,66.55609681,0.046608512,2.822798295,3.826551244,0.739660584
114.0549736,101.4517736,175.3885239,28.02575585,57.59156033,60.15191454,39.47124948,61.68354819,66.50454387,0.045928846,2.852391098,3.843980469,0.73558584
113.8351878,109.2206933,174.0611091,25.48517653,57.82108449,60.84289685,36.67616194,62.42431625,67.03114717,0.048515034,2.499842172,3.724658417,0.768286317
113.6167337,107.8445786,178.8891848,27.88634763,58.39724999,61.12087963,38.89599524,62.49594617,67.77274255,0.049354879,2.374802715,3.7091534,0.774067383
114.0962161,107.8005248,174.3737472,27.27878728,57.01700383,60.76524135,38.16072784,61.33169857,67.56972455,0.048715278,2.313486427,3.681275315,0.77587632
111.7682785,101.4025213,167.2859454,31.70174705,56.93051205,57.50627582,43.26931781,60.97577217,64.52776917,0.052165302,1.745462437,3.61714247,0.787034807
113.4779336,107.1150075,180.7659012,30.1570376,58.73369257,63.12841856,41.34046371,62.86786803,69.87008068,0.052944838,2.555673927,3.700393513,0.778062929
115.0359947,98.90166312,164.9226345,24.18726094,53.56643679,55.30985272,34.7303509,57.83794033,62.47005848,0.049900279,1.608112374,3.578634349,0.787229481
114.6291233,101.8550446,164.6913175,24.12356842,53.93232734,56.07526217,35.24720186,58.35845176,62.68024769,0.050226295,1.705808081,3.594977355,0.781530528
111.7457386,98.18235085,163.5067274,34.51495902,54.5683933,57.9270018,45.96319325,58.94564026,64.74170456,0.051512401,1.906052715,3.645172659,0.779346935
103.684521,112.07195,174.4528192,24.09151356,62.79793832,63.39930263,34.36288138,67.64227398,70.46788517,0.042721496,2.801649306,3.832499884,0.76015317
88.4318675,110.8611012,165.7939059,35.79189781,50.17326879,69.93351081,42.63943843,56.44349824,76.76139311,0.058634845,1.464962121,3.531527066,0.807796551
109.9406862,109.0469145,184.1468,28.57422081,63.29431589,62.97669451,39.5087811,67.43408141,71.43436024,0.047293129,2.616082702,3.733809886,0.78336683
105.9468415,114.538737,179.8714489,25.09640474,65.56452735,63.67534318,35.61266416,70.58925547,70.7293877,0.045119509,3.106573548,3.817600948,0.758902864
111.21439,113.0841323,182.9353595,27.71631137,64.56445681,64.80034558,38.95049857,69.31374036,72.11868675,0.046732376,3.169981061,3.79234677,0.763907258
109.9437934,109.4198923,184.009085,31.14296565,63.88776285,64.56543974,42.18810786,68.06815723,72.60151605,0.04652101,2.726404672,3.763862168,0.779698091
110.9168344,107.8798434,180.2163924,30.56097813,63.03029304,65.73436909,41.74321296,67.46791786,72.83768669,0.04643269,2.991279987,3.771379031,0.770749621
109.7260693,112.7761896,178.3483862,29.27897057,65.26322063,65.18559088,40.67359893,70.38923422,72.09180797,0.055535463,3.111111111,3.661773704,0.778322632
108.6231061,111.2955236,183.8835326,32.26703203,64.43537896,63.73954409,43.61050705,69.2703012,71.39664031,0.050156731,3.197798295,3.735517963,0.772259016
111.9774996,107.4188861,174.6881214,28.37019099,63.42626544,62.80648452,39.61332817,67.7840599,69.31702616,0.056392701,2.89547822,3.651823686,0.77771728
111.829358,105.9071378,181.6443142,28.77118494,59.89483018,65.48228565,39.59851006,64.2692991,72.83292913,0.045907143,2.666153725,3.760197259,0.78009846
110.9806956,103.4790286,169.7633562,29.85913524,60.07359174,65.68981054,41.30041628,64.65048543,72.22397625,0.052266314,2.937184343,3.684982298,0.783043288
111.224925,106.3243963,176.7603476,26.52417602,58.78401742,63.37629706,37.71957769,63.3397639,70.05756362,0.048048916,2.778922033,3.703093734,0.785049331
112.2061237,104.594697,170.9613913,26.97329533,59.46183351,64.88152437,38.41217543,64.20261318,71.22223777,0.052404112,2.709122475,3.664195437,0.78315168
112.2231988,103.5926353,173.6253847,29.77308018,60.1301023,60.993443,41.13300062,64.13480892,67.40490962,0.053979624,2.50915404,3.644654971,0.783938954
106.2000473,111.5662484,187.0223722,16.99620388,58.66181586,58.10608547,26.14406177,63.65728321,66.04564463,0.047104783,2.935250947,3.765921486,0.769417014
104.8306897,110.4344717,183.357994,22.36124663,61.74057501,60.81156078,32.77261927,66.66677955,68.89673352,0.048854489,2.831281566,3.745924035,0.778751455
107.0375829,114.7276476,180.5962062,16.92903713,60.0221501,59.28637522,26.21696408,65.11702933,66.34276091,0.056727896,3.061513573,3.703561425,0.771243994
113.6418975,99.4434087,161.1437421,24.3303343,55.90285022,62.67781346,35.20286383,60.38711454,69.00950455,0.059264903,2.358191288,3.568213917,0.789786241
113.1460208,100.1516927,160.4013475,28.58537067,57.9359751,62.90006549,39.83451293,62.18326793,69.41577154,0.061891943,2.441445707,3.566725867,0.789258542
105.5829388,105.3713206,184.8101424,19.2521543,58.63655662,55.75738796,28.71774268,63.11206646,63.20287979,0.047468354,2.806541982,3.772623234,0.760899
111.2039141,100.9960839,181.1063664,27.42711565,59.95418793,63.26165904,38.80334795,64.20710727,70.12567358,0.049817167,2.64520202,3.714458973,0.773931724
104.9255642,96.67459754,151.6294389,17.60752565,53.14369784,51.75130545,26.73604271,57.94258206,58.27000693,0.060756855,2.099747475,3.514328903,0.789898296
114.1408716,95.87229719,143.2312875,29.22920737,54.82690194,59.69559464,40.28487388,58.86278471,66.91834517,0.072593251,1.938289141,3.381978865,0.798536946
115.1315992,91.15210701,148.4811987,26.13347101,50.78296069,60.81378274,36.76951402,55.45757713,67.157048,0.071685128,1.876538826,3.384914105,0.814997151
106.220713,95.69904119,182.3636166,31.84065114,64.47928506,65.44250994,43.58053147,68.57844402,72.58787461,0.063790759,2.824021465,3.590464256,0.778303602
116.0186533,102.286192,178.364534,19.51976752,55.91783464,58.1194579,27.50921008,59.82634363,66.4606069,0.050608797,2.310724432,3.698196125,0.772446749
115.3850024,102.6325363,176.2710109,16.42651657,53.93798914,58.35465961,23.45688041,58.21578448,66.35989759,0.045975001,2.328519571,3.750373899,0.770334471
114.380958,99.85685961,180.3899641,22.71726511,56.95839394,66.15733574,32.5438586,61.23213687,73.88147428,0.045457036,2.306936553,3.723388552,0.791076689
112.9138159,96.75527738,179.964607,28.18354457,58.28157722,63.3750049,39.34135417,62.29336073,70.55481174,0.04746141,2.351917614,3.717817262,0.778387845
113.4738597,91.12650923,174.4080946,29.03111302,55.48660578,63.44220293,40.20895926,59.92325619,70.00695578,0.052320817,2.192313763,3.609806212,0.793743713
114.396948,90.03342014,135.5756984,27.53419581,49.36356619,57.90389761,38.30736489,54.10096302,65.74772854,0.072209198,1.958096591,3.358546412,0.806927595
115.4468316,90.7815262,165.8331656,29.26999949,55.66247755,64.96644094,40.10686165,59.98885205,71.73156748,0.054697486,2.321575126,3.588951189,0.79317756
113.8724353,99.842369,183.7830256,25.83148598,60.49427088,62.3151738,36.69328878,64.73576066,69.84146343,0.054186356,2.537602588,3.671019786,0.779335581
113.8773378,93.57403133,167.0535137,27.55880236,56.23447004,64.4988697,38.43291197,60.27431612,70.87165312,0.054432436,2.167219066,3.579713309,0.79242632
111.4966461,92.76814039,173.7204467,30.08711357,55.21973645,64.28897326,41.11962563,59.37740561,71.1701319,0.05053701,2.192313763,3.626195615,0.795700463
108.264609,93.50198272,177.3141769,32.61019992,60.91875,63.93395914,43.71220182,65.20212965,70.7419962,0.060565118,2.355271465,3.517177841,0.796146915
102.1689552,97.39092093,180.6620403,35.94766739,63.55629984,63.59428647,47.00208002,67.95298884,70.48193083,0.061510503,2.473287563,3.523015007,0.789882438
100.1395301,100.1130938,175.6362058,35.38144184,58.84996619,65.91277596,45.12043666,63.19353232,73.44911218,0.046419643,2.297979798,3.701916176,0.785906874
104.8761738,102.7749665,179.9092882,31.40788974,59.990382,66.21185486,41.64321742,64.42729526,73.57616488,0.047805971,2.527777778,3.737486227,0.781678805
101.6426768,98.38790246,178.1233823,35.30518471,64.68107783,66.09095871,46.36600961,69.1015537,73.2032587,0.063055108,2.734019886,3.52481824,0.785524033
100.0402857,102.7298473,179.3572345,32.56053413,60.7320332,68.27112922,41.91283658,65.12600554,76.0276304,0.041078952,2.616635101,3.786967877,0.782452306
103.4319957,96.48470052,158.1643288,36.84490286,63.98922918,61.86283977,47.83547118,68.01172883,69.29269929,0.090018741,2.448784722,3.235989998,0.793787986
101.3022017,95.22353417,153.6242109,37.30587297,63.69300698,61.41808983,48.00873137,67.79257209,70.01712628,0.094718448,2.686119003,3.192239944,0.79691373
109.7342862,93.82714844,176.642953,30.24301097,59.38142759,64.32976526,41.10420489,63.90234755,70.97707146,0.060136325,2.290364583,3.514159351,0.79932028
107.4573469,92.97854522,171.2717902,34.47811405,61.52494323,65.13181779,45.60275692,65.34609615,71.93455158,0.061632492,2.434856376,3.512996527,0.776418443
106.1525608,100.9251894,174.7757852,34.60521175,57.81201019,66.7373669,44.53815696,61.52739302,74.59025883,0.046014632,2.109611742,3.684054641,0.782138521
112.3900331,90.9586194,131.1925308,31.7618753,50.82449386,59.70960048,42.29525209,55.16977641,69.6023343,0.092474931,1.920572917,3.202563424,0.811694032
108.1318458,91.94348761,178.8012054,34.28821341,60.77949774,67.05765309,45.39743724,64.73764481,74.14426459,0.060399805,2.542376894,3.568814893,0.789849689
111.6184205,92.44658499,174.7454427,31.01421534,58.56619468,64.76549342,41.43069718,62.75083383,71.48233166,0.057110756,2.352391098,3.557381197,0.794470822
110.9166765,90.87543403,174.5990077,30.03849907,57.69608117,64.78272025,40.71641327,62.23236645,71.40231871,0.058425889,2.226838699,3.522848822,0.80224561
106.5125276,88.70408183,169.080305,36.09814885,59.02312164,64.25925818,46.94658111,63.11351977,70.92026931,0.067404061,2.174636995,3.411432909,0.802203459
111.9912109,89.60938486,173.38227,30.63634143,56.66935755,64.27291056,41.26923262,61.10076956,71.09058532,0.057540397,2.30145202,3.549466563,0.797571147
112.8329585,86.78379498,132.613952,31.60153622,49.45574617,60.20505601,42.12349587,54.07049433,69.93531427,0.09456879,2.048966225,3.198732014,0.813162605
105.5913628,89.0258937,171.669478,35.38301234,55.09289828,63.38593343,45.30472575,58.93923123,70.1515311,0.041432045,2.240017361,3.755138538,0.750588363
112.8587536,91.75009864,157.0946476,30.41085368,57.36625903,63.51804166,40.90926676,61.2793602,70.37772293,0.075421534,2.072245896,3.33395977,0.808893177
104.1040976,96.4011699,183.2040029,36.23889051,63.10676053,63.6705305,47.03925091,67.25671632,71.07352763,0.060135338,2.570588699,3.584529809,0.778478665
108.6655717,96.56309186,180.7983349,34.56057388,60.81009088,64.93439206,44.98046437,64.65223528,72.29367838,0.057655698,2.438644255,3.613228047,0.786455003
106.885683,91.32597459,176.4681976,34.52631443,60.14484485,63.62537778,45.4581252,64.35895903,70.55042485,0.060844948,2.40139678,3.529101308,0.787440155
111.5985736,91.74939828,174.9493864,30.91056643,57.07339226,65.8316885,41.36500042,61.41486665,72.65412669,0.052922117,2.294152462,3.589527263,0.7981062
108.6095821,93.06800426,173.5869831,33.6826999,56.23649627,65.56957729,43.95096462,60.51979469,72.49875388,0.048645767,2.289930556,3.668252929,0.789935999
112.2371469,88.19712753,169.3899148,33.74523497,55.79909417,64.36680524,44.44894698,59.75991832,70.97773942,0.050861083,1.987373737,3.593045924,0.796103635
113.4960148,82.05665049,149.0427024,34.50960509,47.40024555,63.09396397,44.86534816,51.56892747,69.0844051,0.062906876,1.378511679,3.373898812,0.827599549
113.8599964,83.44250118,141.2778863,33.49961042,47.90570247,62.65506228,43.85721324,52.01604424,68.61936319,0.063323626,1.604008838,3.388760641,0.822120875
104.8586352,98.88220092,177.9933219,33.27018627,58.64726161,64.78404071,43.41171969,62.61759441,71.85505368,0.049869185,2.244673295,3.675134194,0.792252412
99.96442945,98.57885496,172.5508404,35.81389946,58.5901161,64.82545325,45.49469174,62.82421727,72.24669983,0.048188922,2.047032828,3.639198258,0.79446119
111.2802044,89.57575758,175.1318655,34.07455573,55.01037607,66.87313504,44.72772517,58.97085316,74.25061864,0.047010135,2.092013889,3.679879764,0.799744689
98.7239386,101.182193,171.6090593,35.1552089,57.89617911,65.53006814,44.58465595,62.3085075,73.06843046,0.04752054,1.999723801,3.634245599,0.7952126
112.3072226,89.41607481,136.26817,33.05382316,52.95109515,61.22227824,43.51728755,56.63006333,69.92428782,0.079998504,1.952888258,3.260858415,0.813522735
107.7585326,91.4712062,164.8614268,37.56754073,52.87207748,65.20065451,47.82400272,56.81093809,72.74514502,0.050734952,1.800465593,3.578560243,0.809501155
108.3308278,95.58843316,176.4236703,32.87504211,57.91079321,64.71035677,43.07479261,61.92894203,71.38672815,0.051034458,2.164141414,3.615754674,0.794685239
113.681976,90.04391572,146.1659959,29.92878966,51.30469839,62.36372174,40.29684904,55.09751757,68.6085748,0.068615914,1.699731692,3.364727705,0.816481935
112.1603535,93.66134983,171.8695747,30.79126194,53.25242672,64.3072023,41.06439463,57.25137712,71.03636275,0.049694935,1.960108902,3.600514349,0.801439229
105.7036379,86.24119121,150.4765724,39.59014845,49.20252284,63.17996316,49.44891204,53.56924429,71.2392165,0.056858065,1.366003788,3.434956899,0.82543503
107.2451961,94.30283302,173.5163747,33.15600711,60.63378332,63.14544911,44.33135636,64.76929628,69.42326515,0.065098998,2.138297033,3.438068724,0.79780554
111.4195766,95.99656723,178.6062678,31.1129695,58.58784783,63.69276102,41.73574729,62.4772386,70.36513626,0.054728903,2.292495265,3.584612055,0.792702904
111.4677044,94.02716619,177.5511561,31.03183732,56.95141345,62.79694663,41.65734459,60.85316125,69.48786651,0.053220003,2.144294508,3.59714433,0.79083734
102.4052734,100.4488538,170.3434541,34.16153162,56.47416515,63.16663837,44.34036897,60.8238951,70.38051149,0.05221613,1.859769571,3.562651787,0.805662317
112.7564808,92.36574732,173.5152896,32.20939624,53.32517608,63.15719207,42.76286464,57.10768364,69.64697616,0.053006169,1.958096591,3.584167529,0.798111355
106.7971808,92.87091619,165.6371922,35.34258892,60.16772895,61.34689755,46.37583756,64.05629409,67.55139429,0.077664848,2.091106376,3.319505891,0.796412288
110.673621,97.97093,177.5010851,31.96356811,55.46421542,63.25353075,42.53591999,59.38295302,70.17497762,0.051174451,1.97103851,3.626365793,0.796376065
113.1315696,93.411991,144.5688131,30.89102518,53.60129705,60.66415106,41.37168968,57.23689371,67.93032921,0.073556505,1.915759154,3.352387595,0.806808323
100.117947,95.68225221,161.7377979,36.30166347,54.04463679,63.83103196,45.86518972,58.38083828,71.47495128,0.05236312,1.62204072,3.50882466,0.814755239
108.4302892,95.19514481,174.2895656,32.25775244,59.4788725,62.01536017,43.18574402,63.50907411,68.2558705,0.062617683,2.147845644,3.485577715,0.792281081
108.1448962,94.41431897,167.9628018,37.42251051,54.98592617,65.68497986,47.5475701,59.00404824,73.28992713,0.047491601,1.719854798,3.619627737,0.801694211
112.1685211,99.52019216,179.4859927,29.97280718,58.79138149,65.80872116,40.67968966,62.60415035,73.0642,0.047018561,2.127919823,3.703441513,0.791569073
108.4304964,100.1758108,169.6613202,32.64684922,62.27054832,65.14321024,43.93143838,66.57379846,71.60154862,0.067551218,2.517874053,3.478601816,0.79222346
112.3062165,97.91601563,175.4766513,29.84301987,59.42235261,65.91389624,40.66913055,63.38125468,72.74650514,0.049773862,2.261560922,3.656576497,0.791603742
111.8099649,95.27795533,172.3396465,35.02728464,56.38416377,63.71885204,45.87418228,60.17092283,70.7599284,0.049207258,1.884390783,3.637448558,0.797886598
103.537573,102.1257891,170.8699396,35.51174472,64.33503635,63.17505221,47.04257745,68.93491713,69.4300047,0.070578253,2.788352273,3.433912662,0.78351928
108.7158104,110.1033381,181.4719658,31.37845733,59.01780678,64.06818606,42.36592031,63.62089822,72.00322872,0.046772658,2.396227904,3.716825057,0.783317611
111.843385,105.2761502,182.8574317,32.12036867,59.91729195,65.62190713,42.89061262,63.94902214,72.98408813,0.049890013,2.509272412,3.683966759,0.792117025
109.8971256,104.928346,171.3888593,30.09074851,63.91830266,63.15142788,41.59993793,68.53507463,69.47429466,0.068414746,2.763415404,3.461164409,0.790503998
112.3110894,101.904287,176.8805536,32.5378122,59.00838606,64.77754299,43.50436584,62.99466682,71.50875052,0.048856852,2.393742109,3.674704758,0.787818286
113.2076034,102.4018604,161.3299696,29.24629599,57.22747416,59.76783616,40.56978226,61.31647421,65.8462781,0.067189438,2.202256944,3.523396235,0.797535875
107.0724037,109.0867562,174.7905323,31.49955791,58.12829784,65.90391508,42.34496225,62.21136483,73.78487976,0.050566076,2.223129735,3.614412416,0.791657103
112.8790443,102.5421007,168.099491,30.3024912,58.24955465,62.4935349,41.72228045,62.44785085,68.7714151,0.059127934,2.526199495,3.579796223,0.793178134
114.1227214,104.2146563,173.34593,27.59059776,58.86041498,61.29396417,38.65972916,62.67788517,67.65992795,0.051615301,2.115056818,3.632808967,0.796094525
109.414605,111.8074396,180.778271,32.94165729,59.88624331,61.19525582,44.19353847,64.37523064,68.7841076,0.049750923,2.298966225,3.681522105,0.786249625
112.9573173,110.9022352,177.3458807,28.76937998,61.23804689,63.1514229,40.07858495,65.82561729,69.40197609,0.053672835,2.536576705,3.635804107,0.785358351
98.98818261,101.1541095,154.1962989,25.78602321,56.18791848,68.92575529,35.13799216,60.73691521,76.00547334,0.050003776,2.250157828,3.706274069,0.765588058
111.2439729,73.21074021,142.152906,32.38649213,48.04006896,58.72141478,43.76410123,56.18135376,65.78563938,0.035775102,2.839488636,3.986700385,0.689936549
96.37048217,91.18046678,140.882122,32.83158738,54.33908487,70.62276714,41.33980113,58.59716279,78.00659,0.058370091,2.208530619,3.571020802,0.788743666
110.7502466,97.2105232,172.0643249,35.65895255,64.39009665,65.12113018,46.55357899,68.2146139,71.66233211,0.048077986,3.448745265,3.866936331,0.729180752
110.8850221,88.40063723,156.1148201,34.41486752,54.92887345,60.95330745,45.63394617,59.91419397,67.92078052,0.046554975,3.205176768,3.898623949,0.703761247
95.76099866,93.97170928,146.8642874,28.21172939,54.68121941,62.0755023,36.44412134,59.24153032,69.95069447,0.057559282,1.54363952,3.605964524,0.768918136
114.27907,103.3128452,150.798907,22.85437337,58.17498929,57.2826989,33.3028481,62.5686279,64.16056422,0.047843974,2.693773674,3.785179856,0.727936454
113.8749901,108.7404613,156.4930457,20.5602991,58.54573447,58.99046174,30.8282528,63.0201445,65.41392511,0.052228872,2.840001578,3.782386998,0.733492713
113.3560803,109.149858,177.3022116,21.07530975,59.33097994,61.76829324,31.74043495,63.86151089,68.66167393,0.037944911,3.183278093,3.948760805,0.724318807
111.3445687,103.7380741,182.4380721,28.98909604,62.24619094,62.6915083,40.30854892,66.44476794,69.99679324,0.043617027,3.220288826,3.907228838,0.740585461
111.977253,105.6943853,178.0738735,27.24897438,60.54459919,62.89717455,38.52751994,64.94789449,69.85560661,0.041466324,3.112215909,3.911378475,0.73602312
98.55694642,85.99854009,159.5402462,27.28009334,53.18983842,68.37505986,36.11681417,59.04987211,75.06200714,0.04054545,2.058869949,3.85067196,0.738921275
105.9105607,94.15488873,166.3667337,28.2610036,60.29774623,63.20788275,38.84141921,64.68272547,69.2067753,0.050883402,2.724116162,3.743505405,0.754359409
113.2412899,97.44262942,144.1193083,26.06227647,55.43174727,57.47672539,37.19577982,59.56490174,63.52370005,0.061376071,2.223366477,3.58538026,0.756683932
113.256688,98.90076547,143.4057962,26.37827164,55.00921619,56.85855958,37.47504361,59.26135596,62.90610013,0.06093832,2.179529672,3.544559656,0.762876469
104.3570273,84.16833373,136.7054431,21.35516529,49.06315045,61.2236392,30.51123374,54.39203753,68.63749216,0.059900056,1.453519571,3.54944087,0.76836556
97.27922783,88.88086924,143.5540562,30.27151356,50.96522049,71.62731848,38.80441283,55.44767702,78.27838332,0.071441236,1.574021465,3.418972279,0.799485969
112.0652127,94.66945825,165.081834,29.09604306,61.81341879,63.79315801,40.43350736,66.10470615,70.11853243,0.070771668,2.974076705,3.542694864,0.764985027
102.5770991,90.32792771,152.0051491,27.22926075,57.70533615,61.89651808,37.03871803,62.24562374,67.8802787,0.065481319,2.538470644,3.701488193,0.748053356
114.2767322,85.77110953,149.0220762,27.73630938,51.97555447,58.63482917,38.75931864,57.01404306,64.52970637,0.051626918,2.657552083,3.786875644,0.721013263
115.0280836,68.00472498,132.8054766,30.81711078,43.50425262,56.95693451,41.70163425,51.73054863,62.94267744,0.039192498,2.377998737,3.816179411,0.725121075
100.6227312,48.95224708,108.3443616,28.20387596,33.45849693,46.762829,36.57458902,45.32653915,53.7553168,0.068419392,1.103298611,3.361035779,0.77485633
101.3026061,63.06300308,106.6361861,24.36436652,39.77264298,48.26198486,33.02601194,48.36582379,56.78320107,0.054567264,1.53677399,3.54329093,0.74773735
113.294547,86.89910827,159.8886127,29.22342739,50.95349334,60.09049791,40.52386936,55.40082348,66.46028961,0.046978263,2.206281566,3.724147551,0.756863388
115.0003354,61.80942235,123.455887,32.59559652,38.9145917,53.74332425,43.31745012,48.77951917,59.94591072,0.041408679,2.191761364,3.739188335,0.728495794
100.0491339,67.51027857,110.6477273,29.8474073,48.10796909,55.378432,37.98945425,56.33638198,63.31883817,0.055940022,1.822719381,3.62157556,0.751316805
98.90921914,63.51859414,107.8098761,32.09692125,44.00578064,54.34108569,40.18873088,51.68589773,62.58556882,0.05658653,2.559501263,3.675526917,0.726569339
114.983724,82.70596591,144.7062914,27.78427115,49.60347875,57.94589833,38.74413696,54.73065132,64.09328972,0.054297469,2.162089646,3.67857643,0.747410744
99.95225694,68.58316564,99.23583491,29.22322319,43.8078733,51.16571522,37.46863202,50.77454765,60.90204587,0.058959183,1.593118687,3.538705075,0.747184262
116.3267144,88.08363913,156.774493,23.36102209,56.93624393,61.75280727,33.57428295,61.0869594,68.46513226,0.062395323,2.986624053,3.725672638,0.733040668
115.8265763,59.54714134,122.6106278,30.25421705,36.97978269,54.68005751,41.18432994,47.92840701,59.92944139,0.039737966,2.127170139,3.735679013,0.721007317
100.885614,57.58236664,144.743677,30.58221533,43.31397739,67.88395249,38.63374741,53.31157902,74.56589186,0.035519951,2.354442866,3.93346466,0.718850745
99.43045691,60.97721354,116.3840258,29.79541387,43.84672899,56.52188662,37.90889387,52.13725578,65.17400926,0.050047371,1.477588384,3.646528621,0.751560943
115.1195549,83.89665207,145.089025,29.19453839,50.60904633,58.94788776,40.20591236,55.085586,65.21015658,0.051558413,2.098011364,3.651052453,0.758637936
115.030599,76.07077612,133.6469184,30.7496226,46.45662867,56.7807084,41.63451877,52.33192913,62.77507102,0.047449519,2.151594066,3.682574149,0.739318713
105.5172526,91.94720644,165.225655,20.93677582,52.30450082,56.35545984,30.75642927,57.49874556,63.5679525,0.038291686,2.787602588,3.914907935,0.715396059
116.7816544,90.37868924,134.1647037,18.39221935,50.10654684,53.38739833,26.24776314,54.63060308,60.33468762,0.055470831,2.371725063,3.647073351,0.735485613
116.5692768,93.68276515,161.7992227,21.44296519,54.56996151,63.0379589,30.53217666,58.7316634,69.46592108,0.0555243,2.582662563,3.729917646,0.755225793
116.773477,89.79076902,154.9995956,23.13324274,52.352546,61.91254624,32.78230934,56.71697995,68.41288418,0.051685328,2.476444129,3.719053463,0.757401453
114.5527936,80.04803898,121.2570135,28.50293723,45.93754725,54.76600989,39.15535226,51.492108,61.1112639,0.061163706,1.782986111,3.451534858,0.779500463
97.2913806,72.88004064,95.771366,28.83715618,48.28904488,47.42800385,36.93144948,53.65594808,58.02537269,0.074843353,1.405105745,3.279599626,0.785880776
98.81749132,71.09991517,98.45622238,25.47542288,45.77559864,47.70159053,33.69666546,52.57968411,57.7464719,0.064405342,1.828480114,3.445533996,0.754131615
114.4086667,73.99743529,130.7551886,27.9286458,46.93555635,58.85138823,38.43960512,54.08925783,65.7332672,0.045038281,2.499131944,3.758268022,0.724244095
98.03751381,64.95357876,110.7867839,25.91178945,44.8561564,48.91920829,33.99694327,53.21043919,56.53248486,0.053614079,1.888257576,3.576620663,0.743200585
115.7077316,66.85557726,132.9283953,28.67013834,43.33742839,60.10108534,39.28441572,52.24818918,66.45432342,0.039390748,2.609098801,3.866563597,0.711399059
115.1477174,66.96212121,125.4786636,29.41896508,43.21525042,59.29317759,40.17834802,52.61688782,65.48080863,0.045097318,2.165167298,3.69906287,0.744173106
115.5309837,80.72755879,154.1864149,28.91549192,48.68762789,62.16321168,39.47960418,54.2783637,68.09105953,0.038449352,2.617542614,3.910425961,0.706674254
114.7015763,75.59997435,146.7141335,33.45562009,47.77833775,61.4810222,44.16616919,53.63767729,67.47112702,0.037107949,2.772056503,3.925910795,0.699122781
114.2805003,86.92304885,160.3466402,30.30349068,53.28075955,63.51500649,41.2923662,57.45406546,69.83154741,0.049584317,2.437184343,3.737299953,0.748835011
98.80813013,64.41821536,96.84134312,29.35981785,45.00944327,47.94066862,37.29128792,52.9496762,56.41480078,0.067419561,1.609059343,3.406820104,0.763803501
113.8330966,78.70164536,140.5962259,30.0857587,50.38058497,61.47944676,40.70139344,55.98138579,68.71823551,0.043788655,2.77209596,3.860916553,0.709941667
98.57383404,62.17877999,104.1241319,29.69254166,44.1470627,52.83366137,37.1715212,52.38783061,61.14424998,0.062464924,1.791035354,3.518995763,0.75757759
113.3545711,91.00046362,132.833866,31.59316285,53.97543704,61.80546531,42.14874801,58.03319381,70.79229166,0.077544079,2.482796717,3.36177595,0.790042776
114.0439946,90.96746765,150.9847893,27.08818826,56.24930877,63.14480735,37.33741662,60.59654333,69.71063666,0.050922155,2.754734848,3.717657734,0.74706328
99.66399345,80.82843079,108.1285117,26.9424339,50.01381506,54.14216591,35.24165112,55.33983898,63.20360099,0.064758967,1.858506944,3.490289993,0.765636158
114.1141,89.54677636,132.7137094,27.52551173,57.53012429,64.83175691,37.84104404,61.81170234,73.06854862,0.072885143,3.009193497,3.563196515,0.754592215
113.2509864,92.10420612,148.3702454,25.89897229,59.17055838,63.96632418,36.10331736,63.37691283,71.9065813,0.05892599,2.990806503,3.673297608,0.740388455
114.9891296,71.34231968,127.5697009,32.28992634,43.92451816,58.56476897,42.56156504,50.689548,64.98471531,0.049940374,2.385692866,3.705776538,0.729115445
112.8590692,93.32228535,135.2509174,27.84271099,55.81475747,62.40185985,38.43464381,59.91455504,70.87869503,0.07080321,2.571456755,3.500299235,0.75418076
114.25218,88.96367977,134.6916726,27.17775209,54.57083446,62.54482654,37.20603952,58.86368755,69.74215171,0.064048428,2.407512626,3.56978716,0.757431343
97.22488557,82.12830453,100.6357718,25.56567895,50.64477184,46.83335621,33.37314584,55.62599295,56.54492117,0.071403999,1.868726326,3.369334669,0.781204908
99.37820589,85.17145084,116.3917298,24.7313302,55.30152878,53.67141561,33.09235232,60.89227966,60.90887326,0.054595508,2.669073548,3.714956166,0.716059452
112.1548197,88.72432331,152.2738321,28.44989482,59.46717134,63.79309162,39.13335103,64.14715778,71.41533466,0.061336449,3.189512311,3.707261267,0.717766871
113.4559265,76.1674854,128.6750809,32.728124,47.65995228,61.4681793,43.04687959,53.12112251,69.14904194,0.062807374,2.070430871,3.562156158,0.766493235
97.49255248,78.17857284,103.7776199,23.47741811,47.22529031,47.07915272,31.32453652,53.14173574,55.2226971,0.070491726,1.591619318,3.358840168,0.783765411
113.8164358,79.06729403,132.2567176,34.20127835,50.20715481,65.94369929,44.54047371,55.12271909,74.3838328,0.06788041,2.938486427,3.595436703,0.747824078
113.9576132,74.32891414,125.8088305,35.80208387,48.88189276,65.77611668,46.19543204,54.90598725,74.25114546,0.057624978,3.117029672,3.730757188,0.715310878
114.6614386,74.39575442,125.1610539,33.04089133,47.03366983,60.57618598,43.0976964,52.96520469,68.01631407,0.059714612,2.764244003,3.673379737,0.730102764
114.1562105,81.59989544,131.3464429,33.59569252,48.37359078,58.98109432,43.94708063,52.86461853,66.16052994,0.059793218,1.795691288,3.503244779,0.777184674
113.736121,83.66134983,138.2844362,29.63362203,49.47191043,61.56584325,40.218282,54.78259471,69.10131719,0.049477361,2.638494318,3.787132617,0.727536817
113.1294093,71.54166667,125.2937776,36.71597511,47.03463432,61.6446067,47.1308664,53.75492422,69.52966463,0.053037349,2.515230429,3.724373501,0.733864852
101.2511541,63.97796323,99.31795494,26.19073478,42.67155068,50.83518206,34.22236709,50.81449153,60.4262184,0.057861742,1.715475063,3.570324071,0.740102526
99.30535827,66.70870818,96.21619515,29.17773318,45.51362497,48.73830399,37.08132067,52.28077459,58.05337209,0.063044889,1.632339015,3.452254854,0.760182283
115.2858961,71.89444247,133.6497889,35.68569763,47.73229448,61.16940797,46.03323659,54.04845419,67.32584254,0.05528663,1.808712121,3.613900146,0.760198172
98.16800821,64.57499803,96.90520439,27.82336613,43.72865909,48.71888647,35.35725017,52.07559786,58.59094308,0.062537352,1.369397096,3.454939926,0.763896054
115.2694129,84.00617503,144.7875039,31.27526059,50.86411839,64.22695389,41.26629752,55.24732764,70.4252103,0.05202785,2.206873422,3.68884223,0.760753605
112.4682469,68.95319405,122.17151,37.3594958,44.73045753,57.96897308,47.5426207,51.51712057,64.7844495,0.049794979,2.140269886,3.664883904,0.746214703
113.8510693,60.05937303,120.782848,36.6889338,37.56136888,54.69859011,46.82570358,46.58820343,60.60196481,0.04363173,1.82287721,3.689959508,0.732528508
95.93739149,68.59548611,106.3853772,31.81277777,44.73871889,52.23513202,39.10489622,50.04780968,61.98970732,0.08088976,1.258246528,3.27928027,0.79985435
113.5759845,85.19809422,136.3811356,31.08127886,48.77730432,59.41318281,41.59907708,53.03085858,66.50005841,0.064859596,1.798808396,3.448396518,0.793963348
114.7414477,83.56834951,139.9037149,34.11997371,49.6355742,60.63659156,44.48068913,53.51376336,67.10555611,0.059215068,1.884627525,3.536106388,0.783373315
113.4921678,80.25992345,133.8963759,32.60114375,51.28024243,61.94156521,43.20617236,56.03857587,69.83335965,0.058729792,2.751538826,3.633810215,0.752251789
115.3334024,79.54595762,136.3268426,31.19391469,49.71195874,59.77971405,41.41708878,54.35738284,66.60427996,0.050131893,2.218631629,3.682588843,0.747495851
100.131323,63.23311237,108.3851405,30.70871024,43.41775029,54.42719911,38.46168687,51.47033946,62.41853986,0.061607984,1.780618687,3.564077901,0.752188568
114.8132004,76.19159367,133.6680477,31.77691596,47.55287707,58.93623628,42.27724564,53.1798286,65.98276965,0.050310599,2.20541351,3.685862598,0.745787533
98.30611782,66.19286616,109.5376223,31.14534167,47.43561154,54.22518715,38.38397924,54.01362388,63.1908158,0.063589338,1.583806818,3.483578283,0.784408976
115.0918067,78.86194957,121.1502821,28.30132623,49.9648755,53.29443767,38.99109056,54.93889078,60.94127297,0.064445123,1.586923927,3.47808099,0.779701462
100.4416331,60.90086411,116.4265408,29.01582658,43.07845095,55.38090479,36.83132175,51.4953272,62.98500384,0.050211536,1.435014205,3.626240695,0.758543037
113.3396169,83.63900726,135.7554549,33.17259426,50.37280163,58.69753363,43.82506228,54.08386123,66.07268661,0.06971299,1.832346907,3.368583736,0.800517418
97.24794823,70.05843592,115.7155244,31.14547316,44.89715334,53.29033088,38.9398431,49.51489994,61.71593163,0.07756486,0.961923927,3.198691062,0.827406618
115.0066781,80.81941485,135.8757398,33.63525412,49.23151831,59.41232858,44.246773,53.41854249,66.18322421,0.062157693,1.859532828,3.507887135,0.781728639
112.3852983,85.24194089,143.1902423,34.29350364,55.11826477,61.80023039,44.83452189,58.70393722,70.03072103,0.070940509,2.288036616,3.461357857,0.772063149
99.46195352,82.8456834,120.8054766,25.93719143,53.04810034,50.56588237,33.98315498,57.12323343,58.07196592,0.066669244,1.548177083,3.389583198,0.79640938
111.979433,85.36285709,151.4017914,32.6501896,55.62739622,62.05619308,43.07079364,59.22496416,69.08360328,0.067430932,2.376972854,3.532931112,0.766780785
113.8879616,79.28258168,135.2018328,28.52236018,48.07002344,58.89351136,38.5464912,53.51381574,65.42451228,0.045514749,2.357717803,3.732893112,0.736343692
113.7877012,82.55388849,149.4572581,30.56284065,50.44641031,61.38557718,40.93432459,55.23783671,67.67370131,0.040587211,2.0390625,3.834686036,0.727254154
114.0455433,89.66351997,148.8987827,27.2475964,50.27283921,60.55744867,37.94711571,54.93290093,67.02535077,0.053334046,2.152067551,3.630838643,0.772598635
116.2653192,93.1495423,147.2133542,21.29057065,52.47234768,55.57126742,30.44575911,57.01669525,61.66683402,0.047705569,2.369870581,3.729149071,0.737831203
113.5969164,92.64185803,163.0211391,31.91670805,57.56012395,64.42265154,42.88993409,61.39435245,70.2898776,0.053151751,2.954663826,3.779839931,0.740129574
112.6466521,94.50669784,167.671293,34.714991,55.38969705,62.81678065,45.74455443,59.30219295,69.22485825,0.044852632,2.511639836,3.796641711,0.757482759
98.58146899,60.19982047,114.6633424,29.89308553,34.08602556,52.62460985,38.6896194,44.24195147,61.49695319,0.081910064,1.146622475,3.173874711,0.833431459
97.4690262,46.61536261,119.230015,32.49643391,28.48946212,55.30253671,40.0695708,43.94628212,60.29846727,0.0589103,2.017282197,3.390770866,0.809591846
99.97182765,49.71542574,115.4421855,29.41110195,29.241708,54.08216558,37.93953249,44.76809441,59.10028213,0.095235562,1.855271465,2.965571168,0.845647435
94.87168561,46.23536143,111.2565696,33.37183396,29.46560486,53.79589876,40.57198024,43.58271118,58.54881214,0.065782986,1.419073548,3.294083209,0.829561096
95.26501342,47.19888336,105.690331,33.92477953,27.95469554,51.87023846,41.27184025,42.07520422,57.32222949,0.082180276,1.092013889,3.035850762,0.840457457
91.8500434,45.29447798,109.8342014,38.97656208,29.30502693,51.29773711,45.53257954,43.97656399,56.54161098,0.08537581,1.299755366,3.059269641,0.840192503
97.36647727,48.15281723,109.9174262,32.07643518,28.36563315,52.54518631,39.81137216,42.43014652,57.50632003,0.059266311,1.806541982,3.401205495,0.801945025
95.36310369,44.23015309,109.4974747,35.52589553,27.52756167,52.12841225,42.67034244,41.97195113,57.07984112,0.06937778,1.251933396,3.259566253,0.813915001
102.5602509,48.83470447,106.2280125,24.52411412,26.96438498,44.21308182,33.30870651,40.25125645,49.15128664,0.052167986,1.676017992,3.580930769,0.768354903
94.25732915,46.2556325,98.79603654,35.56383001,28.32186716,49.05240998,43.0739051,41.90532833,54.37298377,0.056323863,1.440143624,3.405640156,0.817844166
94.06597222,41.58686474,98.57471196,36.73226564,28.19311531,47.95657842,43.93815492,43.22074482,53.43678625,0.05638147,1.706478851,3.40953499,0.801143416
103.8924598,45.85836884,110.5471709,24.40708714,26.31826,43.33145534,33.71284087,40.31989583,48.41664486,0.045375426,2.025962753,3.780726546,0.718788466
99.02927715,44.93706597,109.9885673,31.0202643,27.60441868,50.15788399,39.18234694,42.32265398,55.31445093,0.062657436,1.317550505,3.285679842,0.822318463
97.34768584,44.85862532,114.430526,34.27620821,27.05594256,54.74872103,41.98614047,41.00632666,59.38019446,0.055747604,1.572009154,3.397852056,0.812345969
100.7352135,41.67946062,109.4193202,27.20180008,25.52207269,44.98186474,35.74902015,40.88727656,50.08291637,0.051045247,1.805160985,3.569557962,0.78066665
97.34002131,48.10872396,117.7247869,31.11135841,28.49760611,55.36528198,38.66114699,42.73606375,60.04112359,0.072782297,1.450402462,3.15078075,0.830203662
103.1433081,49.67567274,106.1207781,23.26347599,27.86131644,42.97899054,32.41540044,40.9184557,48.36152512,0.034246097,2.285195707,3.948532183,0.6575261
105.6914063,51.36924913,117.6891868,20.09106722,25.17120844,42.72698636,29.40599177,38.09523162,47.27999146,0.051354916,1.821417298,3.560489328,0.770059608
101.7174578,43.08596709,110.5452573,25.98303288,25.3798051,44.81867033,35.14059015,40.09938285,49.59197558,0.057796911,1.713581124,3.470074097,0.791692039
96.88284209,42.15663471,104.0545099,32.95968126,27.81258934,47.45868052,40.8678028,42.1933437,52.05280044,0.060757073,1.464409722,3.330953222,0.823082209
104.2906013,49.26673966,111.9538747,19.93572098,23.56982555,32.54435807,29.41023373,35.18954147,36.50213658,0.057127493,1.415364583,3.445241126,0.751552668
103.4824219,42.27140546,100.3108724,23.85628437,24.46102054,36.28009378,32.70783011,39.11339693,40.53773699,0.064615434,1.677083333,3.326397506,0.807675961
99.1539319,47.01315893,107.4711372,32.96661332,28.26489626,52.07410179,41.30473926,41.12608589,57.12402472,0.076266202,0.91891572,3.13497472,0.828231357
97.41312539,45.04192314,107.2269669,31.80597363,27.7773331,54.26188207,39.57138456,42.42781262,59.92230868,0.067050659,1.015427715,3.195416841,0.835039868
98.11302478,42.55266533,96.67265428,33.9242676,27.08950083,47.06154925,41.95292862,40.87558817,52.46553436,0.077468282,0.639401831,3.001484002,0.856551402
97.30984651,41.41821536,117.7621922,35.1796686,26.0979921,57.96072087,42.62837236,41.28316262,64.66053742,0.064023668,1.54620423,3.440524423,0.798126833
103.3006136,50.06438408,104.2919922,24.88121912,26.64294502,46.66332951,34.36244861,38.66018901,51.73660222,0.039704051,1.852746212,3.782077301,0.727036377
98.23198785,43.63059304,103.6472341,33.8478619,27.12150338,49.545552,41.83792503,40.4943007,54.42774783,0.046519756,1.66635101,3.620863589,0.773501191
96.79830532,42.91608467,101.3524404,34.46007564,27.6560378,49.61026558,42.02703007,41.64559012,54.70515812,0.051447882,1.434659091,3.522037047,0.790766842
102.5943123,44.96544547,110.1034564,23.666485,24.51532749,39.8773556,32.41872967,38.62539445,44.48424775,0.064047547,1.661221591,3.349080407,0.804913192
97.4817511,43.46878946,94.19132734,29.76267002,25.76800667,43.28793115,38.04044941,39.90046493,50.43181293,0.083625453,0.863439078,3.073566866,0.839364378
101.7450185,47.89583333,106.8381866,28.32160031,28.35199746,49.04963235,36.77039956,41.72515348,54.14316727,0.042981108,1.565656566,3.636677036,0.763760782
103.7560369,50.80889954,108.8330374,21.83176335,26.17729922,43.62158214,30.66927434,39.47765954,48.17122512,0.052065931,1.691090593,3.54866776,0.776736106
119.4198627,30.94043955,94.51550663,43.02801537,17.53800672,30.52074504,54.29498575,32.29128949,34.80664764,0.046502848,1.424518624,3.608854445,0.733465692
104.2796717,52.36049953,108.8821911,20.74296707,23.46546673,35.99801558,30.51827431,34.38721684,40.3273922,0.051638616,1.049794823,3.454523755,0.776123047
97.61304451,51.60105942,104.1522352,31.85694591,27.26898611,53.38452074,39.74009472,39.42064986,58.73078805,0.054437562,1.109690657,3.446396619,0.803807176
113.9324594,48.95908302,93.6385535,32.59411734,24.61285189,47.27079012,43.08314058,38.78277719,53.83450247,0.074101023,1.230389836,3.24249281,0.82500828
101.634884,49.32104246,110.1563684,26.28258514,25.96205964,52.69696241,35.26236216,39.3711529,58.73489661,0.051568517,1.229245581,3.389349582,0.823780688
102.4720052,45.10082268,122.2797408,24.35983498,24.31767056,44.01516816,33.44361775,38.80582776,49.49688614,0.059434816,1.730310922,3.388620094,0.797347379
92.00749684,41.28792811,109.7683081,43.38183637,26.4081326,51.53551502,49.80468691,41.2393739,58.06009137,0.087974596,1.214409722,3.098855993,0.830086669
115.4156901,43.78433752,108.7610874,33.67676881,25.0803487,54.81367871,44.33355038,41.01167534,61.14576848,0.060341313,1.446062184,3.395567725,0.811509565
102.2995679,46.67051373,107.4299242,23.27116172,24.92121276,36.42869415,32.99609012,37.87727914,40.68452173,0.05525571,1.41958649,3.487577006,0.76431711
114.4867819,44.98151436,106.5918561,32.01815686,24.18510011,49.05614832,42.70399917,39.33689787,53.75908236,0.052812246,1.490688131,3.409811279,0.796774813
114.5375335,45.05060369,106.8667732,34.42091762,23.61728486,51.71632689,45.20534067,38.49964621,56.28047273,0.05491492,1.231455177,3.394878594,0.819231678
99.14770754,41.88375947,95.74542298,47.86475616,27.02062054,49.45951722,54.53489089,41.9946219,57.25608295,0.079368443,1.08297822,3.251514849,0.814849446
98.48867582,47.33511877,100.3539694,29.58367261,28.02297115,53.03209551,37.55977945,42.07007964,58.41710811,0.048445458,1.376972854,3.561466811,0.784962551
107.7460642,40.6627111,98.91680477,40.18518135,24.22141218,51.1348184,49.6123129,37.5092424,58.89903202,0.072889381,0.792771465,3.257598926,0.820083395
95.64509351,43.63114544,98.96498185,35.68517974,28.09761406,55.16071432,42.82891214,41.1082189,64.35304234,0.059865225,1.260574495,3.453417774,0.78316096
101.6826665,41.56594263,109.1969598,45.11743556,25.87332887,53.01456736,52.68239614,41.16137761,59.43135924,0.074670492,1.06384154,3.236678083,0.807172234
96.72937382,43.08478338,116.1455966,39.91769497,27.2272017,54.27301977,47.52976125,42.11428883,59.14958474,0.061030486,1.712634154,3.451607365,0.755562235
103.0406802,39.01423414,103.5297605,44.82598142,25.96614513,51.11279543,52.59113379,41.13174093,56.19268941,0.056394781,1.366358902,3.38118062,0.821998479
103.76381,38.57283775,99.2771366,43.48782723,24.71181998,46.0432408,51.79624859,39.38583247,51.24301754,0.064667243,1.129340278,3.235423976,0.839043558
90.74304569,40.5760831,102.1204328,44.51675519,26.9389902,48.71620845,50.41609022,40.74554359,54.72750308,0.075135348,0.844854798,3.161131248,0.823665779
111.0249862,43.19533223,96.68278488,41.0908565,23.81733171,48.92110256,50.28990222,37.83844829,54.844633,0.058386603,1.100970644,3.456322658,0.802700999
94.37216896,40.40751263,115.0891138,43.05839116,27.22393625,54.73728821,49.51006205,41.99095925,60.04141663,0.061208836,1.399305556,3.388456699,0.781559821
108.9858152,47.63279277,108.8097972,34.06017588,29.21018945,53.02921089,44.06845367,42.14342813,58.8799106,0.043236592,1.928148674,3.798310756,0.699598384
112.6747751,43.38528843,110.8122731,36.79984521,25.03716225,54.90981421,46.8701648,41.13042721,61.16279793,0.055553974,1.62594697,3.545520015,0.777535829
99.3137429,43.86688171,108.3829703,29.91030347,26.73980939,51.07548929,37.86011026,41.00124348,55.88805841,0.063028918,1.002051768,3.218817066,0.84499364
113.2039141,49.46123343,90.57146662,31.6331319,26.36962387,50.5410761,41.28524345,39.00055403,60.47450357,0.061571127,0.909524937,3.276012244,0.811987729
86.13964844,42.14447206,104.6505583,42.85909366,28.59308643,57.92285349,48.62622256,43.10121896,67.08145651,0.065902198,1.382575758,3.373454726,0.827465635
101.8053287,41.85134549,104.1601168,40.35071342,27.04364147,51.64551274,48.54758753,42.66174577,59.72495757,0.083091783,1.586450442,3.203196484,0.816074394
115.3638632,42.29097617,125.3291213,34.27683285,24.01599385,59.01531203,44.58993055,39.60058046,64.4820675,0.071151807,1.368095013,3.299376324,0.814503636
90.08117306,45.86044034,119.0653902,40.29440943,30.43592354,58.04843506,46.99634346,45.21916261,65.69017424,0.075207914,1.759469697,3.340213083,0.812830291
108.6349037,40.25947956,97.91569997,48.5099317,23.90051228,47.41475975,56.78151036,38.45947106,54.35070922,0.072233918,1.037760417,3.212587368,0.804910058
113.7523477,43.76290246,96.88252644,36.21727265,24.4065778,48.60735005,46.04736513,38.42201875,54.60589392,0.06511352,1.060329861,3.350068496,0.815737124
93.02024148,42.77576547,113.90916,47.37035721,26.168166,62.98826297,53.18243657,37.85631219,71.75831711,0.055557639,0.831202652,3.46912073,0.816203965
111.5814493,45.14025016,99.33172546,38.85038971,25.16139152,51.66170375,48.54202261,39.45403233,59.45466528,0.062668135,1.031131629,3.289948076,0.811992014
96.39489623,42.2402541,106.0298098,34.34942462,27.67642493,50.86745625,41.51932114,42.02283534,56.42024357,0.057876937,1.338383838,3.411283031,0.816383434
113.8489485,44.79063092,117.1648812,37.16827738,23.69563928,54.95911382,47.46518258,37.48270532,59.94167331,0.083228771,0.980863321,3.120511241,0.829502745
93.66649897,43.34842566,109.1776752,41.89005007,28.79078802,53.64486187,48.21416124,42.64333616,59.84127252,0.068771759,0.978929924,3.259246179,0.814726243
111.417367,44.54903527,102.7104147,39.08405564,24.13721638,53.91794364,48.62295271,37.18200878,60.71443292,0.061740209,0.899581755,3.407767623,0.80640782
97.29216974,45.83137034,96.82576744,31.46664068,28.87840853,51.7737871,39.47241108,42.75011961,60.5379986,0.059616193,1.539457071,3.508488663,0.756640309
93.43960109,45.08585859,96.47924558,32.88166685,27.94196133,48.62143497,40.02257437,41.5846478,56.98665484,0.06885942,1.141019571,3.289171405,0.795877849
100.3147491,43.30524976,110.007921,38.64181999,28.0193919,55.53023158,46.4949815,41.20876783,61.86057112,0.052333216,1.342329545,3.544305142,0.755643411
98.26453007,59.25431068,101.7980094,26.79487687,32.74989226,47.95422676,35.55632022,43.57675007,54.42846745,0.039388441,1.295849116,3.704550648,0.753129463
110.8044705,44.70059975,91.60522214,36.65059186,24.03886921,48.33845237,46.14790589,38.22287297,55.21933173,0.067738228,0.816721907,3.196043838,0.823144115
100.160393,48.73777817,114.0541154,27.98175397,27.99075959,57.04851009,35.53796359,40.22795805,63.44451332,0.061457377,0.989030934,3.333657106,0.835180511
96.68867385,43.28749408,103.4579979,34.31571121,26.07569632,51.86068805,41.59181821,39.5545145,57.53672352,0.058042824,1.216145833,3.4449506,0.793403414
98.08858112,49.69145557,104.6593474,28.43148568,27.69948452,51.52488871,36.18134086,39.56949295,58.90000154,0.068586041,0.994081439,3.363689267,0.785326175
96.48892243,43.31471946,120.0839745,34.69273688,25.18888515,59.26046703,41.95289787,37.6915627,66.22722771,0.062000933,1.126380997,3.401839813,0.814580403
101.6574633,46.07758247,109.5993825,26.72541071,27.24812026,50.45851443,35.55965318,40.75372571,55.57958966,0.040215221,1.668087121,3.723892453,0.715962921
97.79546441,45.45467369,106.8432864,29.51151018,27.2062424,50.00536857,37.07537172,40.27723093,54.97669383,0.053484614,1.320864899,3.439253395,0.80645144
97.92724116,42.90490846,100.9839212,31.51123564,25.81327868,49.90515782,39.27826252,39.38536486,56.22145868,0.062444909,0.964409722,3.322347528,0.825418652
94.35639599,46.62791982,128.6366694,42.13906631,32.23134994,63.43522338,49.14898505,46.68279863,70.89651138,0.045030432,2.032275884,3.686684405,0.757830239
96.37138968,46.40524384,86.78438684,33.72400695,28.37896069,48.35510069,41.19851081,39.98584018,58.36190426,0.076688413,0.938920455,3.189536974,0.816745328
95.50405421,39.50160788,106.9930062,42.98372803,23.77309851,52.31070654,49.66971331,37.21411939,60.35086775,0.075393625,1.048098169,3.24456395,0.819850024
95.26436237,45.65322167,108.3064729,35.80549745,26.48135258,52.30970684,42.94243886,39.44855287,59.02724008,0.071917003,1.371251578,3.320890555,0.779048574
97.00451783,43.29388613,98.45329269,32.30623937,26.23319967,48.64964345,39.80987241,39.49827771,54.83633306,0.06090845,1.270320391,3.370494436,0.815603214
114.2796421,44.13624527,103.0458984,36.00739572,22.80865908,52.03669478,46.21332674,35.81272899,58.0911619,0.062655029,0.980508207,3.292717046,0.839950443
115.0777403,43.3872021,101.8445687,37.50329141,21.57956893,49.34756461,47.82512873,34.59766807,54.45846815,0.053220439,0.755997475,3.378433048,0.825321582
93.74302596,41.36145636,96.11125908,44.36854664,26.01305287,47.65754853,50.48608972,38.49571768,54.12464589,0.046477409,1.144176136,3.541082091,0.794917536
97.73922822,91.55667022,83.635683,39.3865987,56.79093893,48.70466983,47.24975942,68.86049902,63.86265591,0.051095826,1.515980114,3.441452244,0.671583361
93.92299953,45.96665878,105.5000888,32.61641098,27.08170218,56.15971834,39.55285606,39.5387103,64.16852767,0.060677091,0.909051452,3.41101007,0.793581606
112.9601089,40.87046244,112.2399286,37.68482032,22.53436693,54.74991525,47.80740271,36.43634115,63.13921675,0.057280448,1.041785038,3.44694771,0.801745848
94.07085503,45.47314946,99.4487354,31.11632046,26.8605113,48.87517373,37.98887188,40.29336419,54.80328156,0.075854802,0.742582071,3.066027843,0.841194171
96.2476523,45.96219026,106.4242917,29.42537563,26.46781998,49.50676891,36.53195722,40.0001656,54.59115578,0.053737961,1.14547822,3.422430902,0.781639958
97.86498777,42.21855271,100.4570411,30.63293469,26.15505726,47.7968195,38.31802774,40.02371248,52.82963134,0.062905836,1.095604482,3.311474286,0.830357169
96.40177162,49.28151634,115.4693024,32.09009636,29.12923173,59.89235188,39.34658592,42.9671746,66.28903053,0.061441525,1.564709596,3.446031866,0.780227399
95.65251144,42.05818932,101.588009,35.12422911,26.24732538,53.68212629,42.02499785,39.72879221,61.94386098,0.065929985,1.162799874,3.433182051,0.794950061
96.31613005,42.33041351,98.64811198,33.27614392,26.7432956,48.33580683,40.48093875,41.18446317,54.47357524,0.073751661,1.201901831,3.255022637,0.829823091
112.6614485,76.73395084,140.912139,31.79630772,42.05565671,57.77777899,43.50987576,48.5910403,64.78827191,0.044876122,1.732638889,3.634956311,0.78117269
110.6516631,83.52853733,158.7121212,34.76953118,48.16639976,62.21522184,45.93536239,53.64123347,69.63540592,0.046835773,2.175228851,3.699129767,0.77351569
95.68151239,85.31580453,138.8069957,30.85268927,50.33570565,59.85313067,39.84347223,56.31698921,67.97323864,0.048283352,1.699416035,3.643902042,0.779032397
99.12983349,89.9394334,148.0647589,27.62855682,55.07612548,62.85168587,37.39460757,60.45309093,70.32278213,0.046407808,1.503787879,3.590886959,0.805704878
110.9599116,82.12374724,146.7910354,27.45702477,42.72132662,58.34243954,39.21319206,49.57385012,65.45899839,0.044765613,1.777185922,3.645269751,0.787136789
98.25012824,80.04542495,138.4192314,28.63595052,45.3155058,57.05327301,38.33192476,52.10273085,65.51257204,0.057326039,1.566682449,3.471318861,0.814794699
97.90805516,70.60955256,144.6401811,30.07666511,43.17605962,60.4938178,39.12762578,50.83553133,67.48686114,0.050698733,1.772253788,3.567554419,0.795642243
106.7546855,76.40695036,147.5739524,40.46222248,42.91009625,57.75743808,50.90315964,49.2899123,65.51114511,0.040804113,2.083530619,3.753920123,0.747968337
111.2006589,64.53810567,129.3117207,35.79316263,34.1808375,52.06762474,46.84531601,43.48749088,59.83163625,0.054441089,1.773042929,3.528530923,0.786105782
102.5400687,62.51167929,134.8360756,20.4762825,34.41969377,45.19060297,29.58972125,43.77669592,53.44247216,0.051113708,1.765822285,3.554560523,0.751495193
97.74542298,73.95221749,140.6193675,29.3775399,40.75194407,62.81730938,38.06058362,47.85410268,69.96433148,0.057080535,1.674242424,3.511732101,0.802574814
98.16962595,53.61113084,131.0742188,31.83582819,32.76704524,61.79996132,39.71166375,43.11731944,67.84747698,0.07383319,0.955965909,3.229348651,0.823731459
102.2977036,54.18415601,113.3848939,23.10530772,32.74396959,46.0088462,31.70897188,43.38680808,53.06871839,0.077285064,0.969184028,3.197830048,0.815476552
96.19357639,77.6988735,144.5968671,30.48709986,47.0147379,65.6225448,39.29632396,53.6121165,72.61548644,0.042802664,1.622632576,3.683662918,0.777248459
111.4090317,74.94141611,150.9703184,37.21056112,48.42310647,59.74033634,48.31016955,54.34196958,67.0038141,0.047472339,1.534011995,3.606271419,0.786060454
112.9702,68.64229206,124.0522708,28.5861301,36.18700408,50.22764859,39.82550152,43.50542878,57.21537642,0.061602433,1.206281566,3.329962888,0.815421803
113.4672802,65.32429766,130.4795711,29.92235808,36.88783193,53.15238021,41.31782491,44.37539173,60.2852817,0.05707389,1.231100063,3.420011973,0.810121059
102.6438999,72.96420257,148.1891671,20.3070352,40.28457492,52.27683914,29.56275633,47.57190219,60.17861014,0.066271015,1.689591225,3.428119291,0.79562563
99.09144176,70.41712042,133.8703243,26.10897747,42.00441093,51.11843632,35.9810463,49.63377032,59.95656656,0.056299707,1.151041667,3.429621209,0.807034978
100.7854226,77.58530619,153.6213404,25.21978032,45.3018409,58.67164338,35.15437224,51.19715551,66.65938309,0.052078432,1.743410669,3.615546207,0.782417898
99.58719026,63.0989682,127.2208215,28.56782687,36.91425188,52.82173847,37.6068925,45.4759423,60.54341037,0.053185242,1.428503788,3.513282397,0.786772121
112.8786695,70.06925702,141.367878,38.45748224,42.27788027,57.83330863,49.2620381,49.04302486,64.63070514,0.048557773,1.780026831,3.599377974,0.784917041
114.8327217,74.23324061,153.4835365,33.899059,41.02577301,59.58512465,45.11911076,47.87079044,66.12187791,0.044893973,1.984453914,3.710828745,0.766010841
115.185468,61.50265349,132.332702,32.23158249,30.30959733,50.38643935,43.50023353,40.59303162,56.6401942,0.058956785,1.513415404,3.394108672,0.802104231
98.45400292,66.15550032,147.8758878,28.07261387,37.32899888,61.29588559,36.59202055,45.89893498,67.88243524,0.056405732,1.384588068,3.519647064,0.778651786
113.6523832,75.66602549,148.4149207,27.21929342,39.14700526,56.6836565,38.7037915,46.63038625,62.77888037,0.041658599,1.943142361,3.679520129,0.767237265
114.4215791,66.64736229,127.2482738,28.25159475,35.81803906,51.85796565,39.57459291,43.24401358,59.52506162,0.057546176,1.320036301,3.421772912,0.808654336
102.3227786,64.91293797,151.2979897,22.16661683,36.7282387,49.07080036,32.00512006,45.31966809,57.74639202,0.064367317,1.812855114,3.454445168,0.786627557
102.9124744,79.59539733,149.3327415,21.9137946,45.44022418,52.96759993,32.20715681,51.79693281,61.03682408,0.052256615,1.830965909,3.59631293,0.784180135
115.83648,60.85602115,107.6548789,24.36928925,32.63816006,45.65829159,34.51938058,42.08749159,53.3807544,0.064580573,0.979955808,3.210160303,0.815919411
114.0099826,62.23797546,130.9530362,29.25635323,34.34574482,55.03460511,40.59979632,43.27829277,62.4521593,0.048443596,1.420809659,3.554121707,0.787967716
101.1232639,52.54929175,112.0665345,25.60711907,31.51603204,51.64137622,34.84564494,41.47025845,59.50345381,0.082748978,0.679726957,3.119642786,0.838177804
115.0031763,61.03434738,106.4986979,27.80554493,33.02346867,48.12874344,38.3397566,42.540235,55.31445958,0.063263789,0.741753472,3.225870405,0.82455804
115.5206656,56.06301294,129.4378748,32.29644281,30.11559096,53.02790581,43.52452692,40.25549363,60.23307485,0.052556342,1.059146149,3.42021245,0.809668915
104.0774246,61.55778488,119.2435192,21.81327992,30.76187934,45.62336756,31.53243899,39.55591702,52.95979899,0.080473088,0.886363636,3.160365916,0.809967054
116.7804115,57.30520044,116.8195332,29.39212185,30.09796438,48.67791705,40.15404464,40.57793693,55.50816557,0.062429742,1.203006629,3.29830936,0.807870172
117.2933929,70.32800663,116.5441525,22.12046902,35.49018816,46.29937394,31.53435228,42.92574126,53.38527178,0.074918783,1.104876894,3.175339042,0.825384071
116.9150982,66.45113242,133.4323903,30.20511938,38.68680085,57.64153045,40.76839637,46.17061447,63.97211194,0.064611673,1.387231692,3.361105832,0.826517974
93.14160156,62.86779908,129.1750118,37.79304772,37.17428679,55.62283336,45.70821294,45.14905485,64.26559041,0.060905847,1.267124369,3.372092544,0.816596737
101.7667594,63.74996054,146.3691702,41.51684048,40.32215989,60.17498378,50.92172945,47.35998226,67.66561473,0.050155442,1.463383838,3.538330818,0.815194043
115.66352,61.67225971,130.715041,32.11072463,34.89789708,56.84596399,42.68815164,42.84408747,65.09539943,0.055748226,1.048571654,3.425937402,0.818549148
114.3719125,58.50813802,114.504143,30.9083765,31.3600822,52.63578092,41.64094839,41.82109045,59.59464117,0.071288801,0.989504419,3.189251963,0.840009954
113.8982106,63.70088581,114.5331439,29.86000761,32.36060868,51.93167129,40.22083174,42.32117946,58.29828235,0.065131306,1.11071654,3.234266656,0.826368636
114.2589765,57.65535235,109.3703145,32.86815819,30.73393025,48.08703563,43.19612076,42.41690868,54.09905402,0.061548665,1.194207702,3.285974289,0.812599804
113.4889717,72.64190735,148.6521761,29.47253072,38.98761187,59.94111697,40.09941812,46.32023302,66.76864429,0.043056837,1.551175821,3.642574438,0.779201046
113.9150391,70.46155895,124.1107955,32.9659494,36.49055424,54.56243867,43.20836489,43.67876936,60.95494229,0.072170579,1.242384785,3.228443047,0.828297171
103.6695273,57.67458767,127.7117661,38.20857195,35.07097219,56.37384758,47.49881718,43.91155118,64.61987769,0.053811732,1.036024306,3.439590603,0.81573356
111.9836845,60.52972104,130.8867089,39.59201497,32.81690063,58.70115718,49.6604976,41.41215756,65.93004459,0.070221196,1.015940657,3.227856351,0.841987102
114.6132319,59.91082702,120.1081617,33.05154481,31.23050179,53.94458215,43.11025223,41.15092379,60.43791203,0.068250485,1.036458333,3.207097289,0.83328154
116.0399996,55.82104246,129.0456913,36.4659287,30.04884218,54.5735299,46.87225799,40.00189732,61.35800544,0.052333835,1.212989268,3.491921546,0.794162188
97.48824179,57.23692985,123.8119377,34.93660073,33.34872369,54.24594319,43.52804121,42.75680183,61.33342348,0.064039171,1.034880051,3.347393979,0.806041674
95.75423177,49.7168166,125.6628887,39.7055216,31.11212203,55.15295484,46.98972392,39.93461779,61.4884426,0.084572893,0.840909091,3.130363636,0.825870156
98.87459557,62.98691998,129.3690814,38.76240417,35.87227236,58.96832055,46.96941814,42.97699128,67.07505919,0.072054203,1.004813763,3.245749267,0.837985469
114.2834793,69.74357836,133.2243924,27.10397512,34.48831606,57.5482191,37.37230259,41.89579281,65.47986599,0.056937904,1.014362374,3.406873231,0.806859757
115.6501835,56.60779672,130.7437559,32.63595263,28.64202385,55.2638763,43.24600315,37.918611,62.54722761,0.055827629,1.015585543,3.380865219,0.81690748
113.3573232,62.0319405,109.5258148,32.71387178,31.75742088,47.57225474,43.07191848,40.57785776,53.63287326,0.087067513,1.036971275,3.06597383,0.842112498
103.3037603,58.66487137,127.3738262,36.26864615,33.39122907,53.41652245,45.55615228,42.03807275,61.17377746,0.055907001,1.141927083,3.454515069,0.782261246
99.98137626,72.35379182,140.994111,24.44295735,41.15941842,58.03913803,32.92313136,49.11261505,65.1548407,0.042050682,1.450678662,3.679696006,0.765876553
115.8787188,64.97973879,134.8915325,32.0419391,34.8435591,54.1359094,42.79413767,43.62814941,60.31719845,0.048619549,1.379182449,3.488037134,0.792282527
113.379725,53.36932805,130.8783933,38.22771232,29.27001862,56.5868351,48.70722514,39.72623583,64.10520104,0.055886476,0.930239899,3.390410095,0.828960866
113.7601701,50.07390309,107.1904593,38.06918133,28.83652958,49.64708773,48.26848321,39.2691348,56.90922201,0.080485176,0.623145518,3.074371413,0.851003732
92.81798453,64.20982284,129.8841442,36.27195454,39.03884636,58.16459431,43.52506671,45.87985737,66.1951498,0.069338014,0.998895202,3.318163948,0.815953429
115.5479601,57.08277107,126.6306621,33.6760464,27.28061894,51.18878605,44.34429055,36.71108393,57.23927822,0.060644761,1.188289141,3.328627853,0.805981036
113.5678563,49.91733744,112.9889717,37.11765883,25.55558381,46.06529796,47.46510424,36.70701005,51.79049451,0.064868975,0.943734217,3.203578857,0.816404456
93.79890704,61.07502762,132.0272155,41.00371535,38.22417493,63.91538571,47.45169573,44.55471149,70.33328852,0.067044392,0.750591856,3.271440923,0.828712313
112.9576724,61.20936908,124.6167831,34.86653499,32.43505116,52.06063136,45.29326538,40.81339271,58.36812335,0.054334258,1.206952336,3.381352366,0.808517694
112.1854186,71.75451783,119.2253196,33.36306612,38.43110947,52.66405206,43.58962455,44.47703913,59.04704787,0.067315849,1.209714331,3.272754414,0.818929299
114.8457031,54.37909367,117.9421263,27.88711131,28.5790972,49.39411964,38.11413594,39.84197657,55.25566038,0.062667278,1.127170139,3.297485605,0.793498834
111.0899917,64.13736979,142.9614603,35.38289416,35.38360715,57.87792268,45.66921588,43.51081651,65.14631803,0.044988421,1.619949495,3.658977102,0.773959371
112.9984809,68.47348485,132.2762981,34.34650244,40.1005044,59.38564854,44.76783787,48.14683151,65.47544893,0.043022549,1.79983428,3.688209939,0.752912379
114.0787169,57.53884549,130.7644413,36.2364125,33.16014238,56.66511223,46.51872041,42.14837558,62.91921049,0.044400121,1.339804293,3.590066578,0.788285185
114.0686849,79.10903961,151.9535985,31.41900932,38.59036244,57.09041631,42.44526853,45.56670887,64.12585506,0.050135688,1.98208649,3.636069647,0.762376641
114.8558436,74.68889086,127.3609138,29.86260416,38.89493212,53.30607943,40.44378298,46.63650342,59.65370279,0.052159869,1.522885101,3.47850306,0.782403922
114.1383562,77.25378788,133.9427478,31.68632909,39.26187334,53.30089842,42.6140251,45.44385495,60.21981201,0.065619789,1.757181187,3.375970225,0.797996018
114.5982086,85.38817866,141.6698627,31.68083599,44.6657628,58.49092189,42.53235757,50.05901081,65.77611731,0.054013837,2.051886048,3.592553531,0.757673002
96.35792495,68.82725694,139.4114386,29.86320904,41.10953291,58.05899275,38.39361004,47.71114025,65.56430444,0.050515967,1.336332071,3.561927499,0.78188849
114.3761147,75.95064907,134.2264836,30.08970931,39.05085206,55.09069441,41.1664022,45.83583286,61.6909486,0.050746663,1.664614899,3.533206656,0.778566272
114.2896346,74.41750513,143.5789733,32.50739004,43.74806161,58.21793203,43.42561931,49.41223325,65.72857466,0.049232878,1.29000947,3.542937097,0.802512886
115.746074,58.79456676,117.1585286,29.01539972,29.87932043,49.91093761,39.64688537,39.5906487,56.82923203,0.055187034,1.065696023,3.350690059,0.803605751
113.8336884,73.54909446,142.1624349,31.56501265,38.71737253,57.19267086,42.57383913,45.23222641,64.19333528,0.047552645,1.658380682,3.60798381,0.774016987
97.75065104,70.61560922,127.092517,28.76482877,39.98870765,59.90433992,36.98232796,47.07062534,68.11852056,0.079327058,1.117660985,3.260109386,0.82387709
111.3837989,84.28514639,154.231613,34.51430182,47.00235228,59.67659759,45.11150721,52.05202097,67.16841363,0.056144734,1.878196023,3.571656185,0.79500329
113.8704328,72.12234651,142.0881471,30.26279298,38.05631407,57.58981463,41.3764855,45.17963897,64.24876951,0.0448693,1.757891414,3.615947889,0.780407141
106.5346532,82.08630248,145.4442176,39.96982619,44.77048851,57.63132036,50.33155083,50.76809926,65.78983857,0.054482222,1.594223485,3.54839965,0.790538812
114.1829526,83.23660432,143.2915483,26.98074572,42.65579881,57.94322299,37.84954614,48.52066176,65.24709841,0.056292122,1.381036932,3.448358897,0.814103446
111.8626401,83.76463857,144.5331341,36.24544232,43.36750231,57.08008751,47.07113731,48.71876664,64.4988843,0.059072703,1.562460543,3.459555969,0.806885649
115.7243529,67.95007694,128.0114228,33.02645811,37.94032993,55.54598192,44.05435409,45.40614251,62.37760443,0.052042758,1.339370265,3.484117734,0.805775473
115.2543699,61.67910551,128.95785,33.43439692,29.27676056,49.77118819,44.77600503,39.13559133,56.1874308,0.043760603,1.509232955,3.577508576,0.755939318
114.7698074,82.12105429,148.96802,32.95723134,43.64301815,57.94221238,44.32618542,49.02725015,64.16733273,0.046732451,2.129655934,3.692231408,0.764100787
115.6141986,71.22044665,146.7276377,34.95166411,38.80710518,57.5650777,46.27842232,45.24688643,64.17069085,0.045767829,1.716974432,3.630715789,0.784555231
117.0171737,63.90090357,141.1557962,30.35039368,36.73716139,57.14243213,41.75327486,45.45662632,64.25190602,0.046469304,1.779237689,3.641658301,0.771025299
113.4423532,69.34873146,140.1080828,31.17159405,36.84711836,54.27324312,42.9737439,43.98724668,61.80701052,0.056663993,1.304726957,3.465109304,0.796755236
115.7865274,70.2874349,138.1624744,27.99632765,34.50264173,53.5245526,39.1828923,42.73336635,60.61252802,0.047094536,1.524897412,3.56358684,0.778902671
114.2115688,82.43607955,149.9279514,29.28290829,43.38436223,58.37173619,40.77356448,49.9733509,64.55520721,0.042421697,1.870935922,3.697607291,0.764101597
97.10120739,69.25581005,130.0094401,29.44488276,37.78468761,55.50997996,37.91946085,45.23134623,62.67913238,0.062060094,1.207465278,3.368078132,0.803097456
94.74442669,76.67497238,143.4353989,31.09080781,42.88113972,62.87386891,39.09485721,49.09620601,69.82683871,0.052450316,1.375197285,3.534345329,0.794017794
118.7184935,54.63603812,123.8839863,24.63076173,27.67988577,44.56306961,35.37271778,37.55909688,52.90883784,0.077428093,0.904474432,3.152447216,0.827568686
98.29213029,67.25327494,123.4735736,26.42160373,39.09468257,45.30347298,35.88993436,45.03694691,54.82489734,0.080434767,0.983585859,3.16995805,0.821451693
103.4264717,71.94163313,136.9945451,20.17519784,39.76150834,51.64887279,29.3823454,46.61015637,59.29021043,0.061066518,1.03125,3.364645652,0.808106531
112.3361348,72.48715672,144.8785215,36.43892312,42.31625989,55.66484154,47.60783721,48.30662928,62.73612326,0.049666161,1.448429609,3.59898458,0.769256805
